sample	genus_species	type	dbh(cm)	height(m)	total_root_fresh_mass(g)	root_tips_fresh_mass(g)	remaining_root_fresh_mass(g)	remaining_root_dry_mass(g)	root_tips_dry_mass(g)	total_root_dry_mass(g)	root_tip_mass_fraction(%)	root_dry_matter_content(mg/g)	root_water_content(%)	root_length(cm)	specific_root_length(cm/g)	root_area(cm²)	specifc_root_area(cm²/g)	root_avg_diam(mm)	root_len_per_vol(cm/m³)	root_volume(cm³)	root_tissue_density(g/cm³)	n_root_tips	branchiness(tips/length)	tip_abundance(tips/g)	n_forks	n_crossings
1	Acer laurinum	AM	2.88	3.40	0.60	0.27	0.34	0.11	0.08	0.18	44.40	315.22	68.48	199.89	1227.42	39.37	231.16	0.63	199.89	0.63	0.32	453.47	2.35	2668.89	589.93	21.13
2	Acronychia pedunculata	AM	10.60	8.90	0.73	0.25	0.48	0.13	0.07	0.20	37.01	265.35	73.47	183.71	982.14	36.45	199.07	0.68	183.71	0.58	0.34	314.56	1.99	1937.66	533.33	33.11
3	Actinodaphne henryi	AM	3.43	5.00	0.54	0.29	0.25	0.09	0.08	0.17	48.51	315.77	68.42	117.60	725.87	27.73	168.65	0.78	117.60	0.53	0.33	172.00	1.50	1114.00	222.67	7.33
4	Alchornea tiliifolia	AM	2.40	3.90	0.50	0.16	0.33	93.00	0.05	0.14	36.54	277.22	72.28	137.96	1140.82	27.66	227.15	0.66	137.96	0.45	0.32	444.33	3.16	3610.29	455.33	20.44
5	Antiaris toxicaria	AM	3.30	5.00	0.77	166.00	0.60	165.00	0.05	0.21	20.60	274.34	72.57	103.77	697.78	23.94	142.87	0.72	103.77	447.00	0.44	354.00	3.60	2557.80	262.00	9.00
6	Aporusa yunnanensis	AM	3.85	5.20	0.30	0.10	0.20	0.06	0.03	0.09	31.28	290.53	70.95	94.89	1119.06	18.19	217.51	0.63	94.89	0.28	0.32	324.83	3.96	4354.93	206.83	7.17
7	Baccaurea ramiflora	AM	6.40	5.23	0.40	0.09	0.30	0.07	0.03	0.09	31.31	238.76	76.12	61.02	756.31	16.11	187.44	0.89	61.02	0.35	0.27	151.89	2.41	2028.07	155.00	3.67
8	Barringtonia fusicarpa	AM	4.45	6.00	0.81	275.00	0.54	0.15	0.08	0.22	34.07	284.88	71.51	120.02	531.06	31.65	138.11	0.86	120.02	0.67	0.36	211.67	1.95	956.19	229.67	6.83
9	Beilschmiedia percoriacea	AM	1.80	4.10	0.50	144.00	0.36	135.00	0.04	0.18	23.44	352.59	64.74	42.94	252.93	15.09	87.94	1.11	42.94	0.42	0.41	105.67	2.44	640.41	19.67	1.00
10	Canarium album	AM	1.97	4.20	0.22	0.07	0.15	0.04	0.02	0.06	34.29	262.11	73.79	94.41	1655.02	16.60	291.18	0.59	94.41	0.24	0.25	271.33	3.28	4994.19	260.44	13.00
11	Canarium subulatum	AM	3.80	5.00	0.61	135.00	0.47	0.12	0.04	0.16	29.24	252.58	74.74	96.07	639.29	23.64	161.08	0.80	96.07	465.00	0.33	219.33	2.10	1322.32	232.33	6.00
12	Celtis tetrandra	AM	2.15	4.00	0.34	0.10	238.00	98.00	0.03	0.13	25.14	368.11	63.19	217.36	2011.60	28.39	255.86	0.44	217.36	0.30	0.44	700.33	3.31	6509.89	1073.67	89.50
13	Celtis timorensis	AM	3.35	4.75	0.27	0.09	182.00	0.07	0.03	0.09	29.97	345.79	65.42	166.48	2065.52	22.83	274.93	0.46	166.48	0.25	0.39	477.33	2.96	6051.03	734.00	49.00
14	Cinnamomum contractum	AM	4.35	5.65	0.48	0.21	269.00	0.08	0.06	0.15	45.42	299.43	70.06	103.71	745.37	24.47	178.35	0.77	103.71	0.46	0.32	283.17	2.74	1921.30	208.00	7.67
15	Cinnamomum glanduliferum	AM	10.40	7.50	0.73	0.29	0.44	0.12	0.08	0.20	37.47	275.71	72.43	65.61	327.69	19.22	98.44	1.08	65.61	0.47	0.41	105.83	2.31	576.53	113.00	2.67
16	Cleidion brevipetiolatum	AM	3.60	4.60	728.00	0.42	0.31	64.00	0.12	0.18	64.60	253.24	74.68	177.27	954.46	39.33	212.43	0.71	177.27	695.00	0.27	227.33	1.26	1208.70	297.33	14.33
17	Croton kongensis	AM	2.25	3525.00	0.55	0.22	0.33	0.09	0.06	0.15	38.70	277.29	72.27	115.45	707.27	23.66	149.71	0.87	115.45	0.42	0.38	188.33	1.74	1196.27	295.75	14.25
18	Cryptocarya acutifolia	AM	4.34	3.98	0.63	0.22	0.41	0.14	0.06	0.20	31.96	331.56	66.84	65.80	346.89	21.43	109.84	1.05	65.80	0.56	0.38	137.40	2.10	721.08	64.27	0.87
19	Cryptocarya chinensis	AM	11.70	7.90	536.00	234.00	302.00	97.00	0.07	0.16	41.26	305.55	69.44	95.85	591.81	24.86	153.36	0.85	95.85	0.52	0.32	272.00	2.87	1667.23	123.67	4.33
20	Cryptocarya yunnanensis	AM	3.04	5.28	1.44	0.70	0.74	0.20	0.20	0.40	46.12	292.10	70.79	112.94	335.09	42.11	114.40	1.15	112.94	1.28	0.33	246.13	2.39	838.96	93.93	2.20
21	Diospyros nigricortex	AM	2.50	4.00	1.01	337.00	0.67	236.00	0.10	0.33	26.92	329.49	67.05	80.87	239.09	28.93	86.35	1.22	80.87	846.00	0.40	71.00	0.95	208.50	96.33	4.00
22	Ficus fistulosa	AM	1.60	2.10	0.67	0.14	526.00	0.15	0.04	0.19	21.31	286.19	71.38	162.33	1017.35	29.36	176.08	0.56	162.33	0.42	0.44	555.00	3.52	3736.55	567.67	30.33
23	Ficus hirta	AM	1.97	3.93	0.32	0.13	0.19	0.06	0.04	0.09	36.22	294.21	70.58	239.11	2675.62	28.94	323.08	0.42	239.11	0.28	0.36	763.56	3.43	8961.74	1005.33	87.44
24	Ficus langkokensis	AM	4.80	4.35	1.47	348.00	1.12	0.33	0.10	0.43	25.75	285.33	71.47	382.03	1025.87	66.68	171.86	0.63	382.03	1.00	0.42	1210.33	3.13	3359.34	1912.83	131.33
25	Ficus maclellandi	AM	4.87	3.83	0.64	0.26	0.38	0.09	0.07	0.17	47.90	258.87	74.11	151.68	1321.51	31.13	233.09	0.66	151.68	0.53	0.33	485.56	3.64	5252.55	386.44	19.22
26	Garcinia cowa	AM	2.35	3.35	404.00	0.15	0.26	0.08	0.04	0.12	39.11	287.33	71.27	115.10	1170.78	21.90	214.29	0.63	115.10	341.00	0.33	151.33	1.27	1590.43	272.50	17.67
27	Garcinia xanthochymus	AM	3.40	4.00	1.19	0.40	0.79	302.00	0.11	0.42	31.23	336.94	66.31	197.60	563.56	47.23	131.46	0.75	197.60	901.00	0.44	359.33	1.87	1109.78	430.67	21.33
28	Gironniera subaequalis	AM	3.00	3.75	0.44	0.15	292.00	0.08	0.04	0.13	34.18	284.32	71.57	223.42	1842.31	31.24	258.46	0.48	223.42	0.36	0.34	515.00	2.27	4387.45	813.50	67.17
29	Glochidion lanceolarium	AM	8.70	9.00	0.91	0.23	0.68	0.16	0.07	0.23	29.93	251.06	74.89	191.16	931.88	39.76	189.26	0.66	191.16	0.66	0.33	528.00	2.74	2492.77	1007.67	49.67
30	Goniothalamus griffithii	AM	3.02	3.54	1.03	0.38	0.64	0.16	0.11	0.27	39.21	254.75	74.53	72.10	282.05	26.72	104.52	1.36	72.10	837.00	0.33	160.27	2.24	656.92	82.53	1.60
31	Harpullia cupanioides	AM	3.80	5.00	0.29	0.09	203.00	0.08	0.03	0.11	22.78	370.51	62.95	71.93	786.94	15.18	157.92	0.67	71.93	0.26	0.41	197.00	2.69	2237.35	217.33	3.00
32	Horsfieldia amygdalina	AM	4275.00	5225.00	2.02	0.81	1.22	0.29	0.23	0.52	41.13	256.50	74.35	67.07	123.99	38.43	73.04	1.93	67.07	1.77	0.29	118.75	1.76	213.78	44.75	0.25
33	Horsfieldia kingii	AM	5.60	5.70	2.82	1.11	1.71	0.34	0.32	0.66	49.54	230.37	76.96	103143.00	163.06	59.00	92.58	1.81	103143.00	2688.00	0.24	168.00	1.62	267.44	54.67	1.00
34	Knema tenuinervia	AM	2.60	3.30	1.16	0.53	0.62	0.19	0.15	0.34	45.88	291.58	70.84	66.00	199.55	29.08	87.67	1.41	66.00	1021.00	0.33	94.67	1.40	296.39	36.00	0.67
35	Lepisanthes senegalensis	AM	2.50	4.00	0.71	0.25	0.46	0.18	0.07	0.26	31.62	350.00	65.00	163.71	767.84	34.81	158.26	0.68	163.71	0.59	0.42	495.33	3.01	2339.62	601.67	16.67
36	Lindera metcalfiana	AM	4.00	4.75	1.09	0.48	0.61	0.17	0.14	0.31	42.40	268.74	73.13	155.03	595.14	36.44	143.42	0.81	155.03	0.71	0.41	312.00	2.68	1650.75	234.17	11.83
37	Litsea elongata	AM	2.35	3.60	0.56	0.10	456.00	0.14	0.03	0.17	21.23	290.81	70.92	49.68	332.74	16.95	112.66	1.11	49.68	0.47	0.35	142.50	2.93	929.03	61.50	0.17
38	Litsea martabanica	AM			358.00	126.00	232.00	77.00	0.04	0.11	36.98	304.99	69.50	101.75	999.61	22.33	217.26	0.70	101.75	0.39	0.28	199.33	1.95	1817.04	170.00	6.33
39	Litsea mollis	AM	2.40	4.00	0.25	0.05	201.00	49.00	0.01	0.06	25.03	255.31	74.47	27.83	573.99	8.78	160.57	0.97	27.83	0.23	0.27	112.00	4.29	2759.73	34.67	0.67
40	Litsea salicifolia	AM	3.00	5.00	1.04	0.39	0.65	0.17	0.11	0.28	45.12	294.32	70.57	111.66	536.98	33.66	146.02	0.98	111.66	0.86	0.32	198.50	1.92	999.28	149.17	2.67
41	Litsea szemois	AM	3.05	4.20	1.37	0.80	0.58	0.17	0.23	0.40	56.01	289.17	71.08	178.83	465.49	43.08	113.17	0.78	178.83	0.83	0.49	302.50	1.62	752.45	400.67	18.50
42	Litsea umbellata	AM	5.23	4.97	0.89	0.44	0.45	0.12	0.13	0.25	48.78	309.66	69.03	109.36	468.75	30.61	131.81	0.90	109.36	0.69	0.39	187.11	1.73	833.23	202.22	3.89
43	Machilus nanmu	AM	2.10	4.00	1206.00	0.44	0.77	0.20	0.12	0.33	37.69	277.42	72.26	121.40	405.61	40.97	136.22	1.08	121.40	1.10	0.30	194.33	1.56	618.81	81.67	2.00
44	Machilus rufipes	AM	2.58	3.83	0.57	0.18	0.39	0.11	0.05	0.17	35.66	286.97	71.30	82.36	577.28	22.33	150.94	0.93	82.36	0.51	0.33	161.11	2.03	1111.63	117.11	3.39
45	Machilus tenuipilis	AM	2.30	2.00	261.00	0.08	0.19	52.00	0.02	0.07	33.86	283.47	71.65	34.05	525.72	9.98	150.17	0.93	34.05	0.24	0.33	76.00	2.53	1135.14	40.00	0.33
46	Micromelum integerrimum	AM	1.50	3.00	0.30	0.11	188.00	0.06	0.03	0.09	31.67	313.30	68.67	107.37	1159.53	20.03	216.33	0.63	107.37	303.00	0.31	238.00	2.25	2525.05	297.33	13.67
47	Myrsine seguinii	AM	2.20	3.20	283.00	0.11	0.18	69.00	0.03	0.10	25.78	356.66	64.33	76.84	695.84	14.93	139.04	0.64	76.84	0.23	0.46	86.33	1.08	761.41	83.00	4.00
48	Phoebe lanceolata	AM	3375.00	5.20	0.38	0.16	217.00	0.07	0.05	0.11	42.11	301.52	69.85	83.93	784.88	20.05	183.77	0.80	83.93	0.39	0.30	291.75	4.97	3359.55	169.67	4.67
49	Phoebe puwenensis	AM	14.30	9.00	0.29	124.00	0.17	0.05	0.04	0.08	40.72	289.19	71.08	44.73	554.80	10826.00	131.80	0.76	44.73	0.21	0.40	88.67	2.12	1211.19	62.67	0.67
50	Pittosporum kerrii	AM	5.20	5.40	795.00	0.21	0.59	148.00	0.06	0.21	28.40	268.53	73.15	82.80	396.04	26.41	126.63	1.03	82.80	672.00	0.31	93.67	1.17	451.47	107.00	5.33
51	Polyalthia simiarum	AM	5.50	6625.00	1.14	0.52	0.62	0.13	0.15	0.27	52.38	245.87	75.41	102.10	392.35	34.67	129.85	1.13	102.10	0.97	0.29	141.25	1.51	566.11	101.50	1.67
52	Semecarpus reticulata	AM	4.55	6.60	0.47	0.20	0.27	0.08	0.06	0.14	35.57	321.70	67.83	115.85	793.89	26.41	177.48	0.71	115.85	0.49	0.37	368.50	3.74	2722.78	328.17	7.50
53	Toxicodendron acuminatum	AM	10.40	8.20	0.51	0.25	261.00	75.00	0.07	0.15	46.90	296.72	70.33	166.10	1244.04	28.72	212.33	0.55	166.10	0.40	0.41	414.67	2.51	3115.83	771.00	38.67
54	Xanthophyllum flavescens	AM	6.67	7.90	0.35	0.06	0.29	0.11	0.02	0.13	15.09	356.46	64.35	50.54	590.41	12.36	127.79	0.78	50.54	256.00	0.46	189.22	3.93	2386.10	84.78	1.33
55	Castanopsis calathiformis	ECM	2.50	4.00	0.55	0.16	392.00	0.14	0.04	0.19	25.16	340.35	65.96	112.48	669.65	23.61	133.94	0.66	112.48	402.00	0.46	242.67	2.22	1553.31	261.33	11.33
56	Castanopsis fleuryi	ECM	3.10	5.83	0.53	0.26	271.00	0.08	0.07	0.15	45.93	300.86	69.91	210.18	1412.06	31.37	213.54	0.48	210.18	0.38	0.42	546.00	2.52	3428.06	672.22	45.78
57	Engelhardia roxburghiana	ECM	13.30	8.00	264.00	0.04	0.23	0.08	0.01	0.09	29.28	279.38	72.06	29.52	921.58	7.19	167.57	0.82	29.52	0.16	0.44	96.00	3.43	2661.26	54.67	2.00
58	Engelhardia spicata	ECM	2.20	2.60	482.00	0.29	0.19	0.08	0.08	0.16	50.84	341.03	65.90	122.29	761.71	28.75	176.87	0.74	122.29	0.54	0.32	210.00	1.71	1341.33	323.00	6.67
59	Lithocarpus bacgiangensis	ECM	2.25	4.50	0.31	0.07	0.23	0.10	0.02	0.12	17.71	391.88	60.81	59.23	501.65	13.17	111.52	0.72	59.23	235.00	0.51	199.67	3.39	1724.14	151.67	4.67
60	Lithocarpus fenestratus	ECM	6.20	6.75	0.71	0.18	0.53	0.23	0.05	0.28	23.52	387.19	61.28	82.09	292.69	20.54	77.48	0.87	82.09	424.00	0.62	300.50	4.61	1344.22	264.17	8.50
61	Lithocarpus grandifolius	ECM	4.33	7.00	0.44	0.15	0.29	122.00	0.04	0.17	28.54	372.04	62.80	131.18	918.80	23.22	156.54	0.59	131.18	0.34	0.49	281.00	2.07	1968.31	412.00	24.00
62	Lithocarpus variolosus	ECM	12.30	9.10	0.35	0.06	286.00	113.00	0.02	0.13	13.92	378.89	62.11	86.01	699.58	17.43	140.27	0.67	86.01	284.00	0.48	360.00	4.26	2924.60	284.00	9.00
63	Castanopsis echinocarpa	ECM	3.02	4.12	0.50	0.19	0.30	0.10	0.06	0.15	36.54	312.84	68.72	203.95	1707.38	30.09	241.94	0.50	203.95	0.37	0.39	595.13	2.82	5066.31	840.20	59.73
64	Castanopsis ferox	ECM	4.40	2.50	0.62	195.00	0.42	0.14	0.06	0.20	26.53	327.62	67.24	197.12	942.68	35.22	172.86	0.68	197.12	0.52	0.40	547.67	3.17	2708.44	787.33	43.67
65	Castanopsis hystrix	ECM	6.56	8.50	0.54	0.18	0.36	0.14	0.05	0.19	31.78	340.30	65.97	176.64	1234.69	29.55	197.24	0.56	176.64	0.40	0.46	468.38	2.53	3237.25	608.95	33.00
66	Castanopsis indica	ECM	9.05	7.40	0.65	0.16	0.48	0.19	0.04	0.23	18.14	352.71	64.73	78.87	381.44	18.61	88.06	0.91	78.87	0.40	0.60	289.17	3.19	1417.51	218.25	9.50